Time Delays,Line Strength T1,Phase T1,Line Width T1,Line Strength T2,Phase T2,Line Width T2,Line Strength T3,Phase T3,Line Width T3,Background,Line Strength T1 Error,Phase T1 Error,Line Width T1 Error,Line Strength T2 Error,Phase T2 Error,Line Width T2 Error,Line Strength T3 Error,Phase T3 Error,Line Width T3 Error
-7.2425000000000015,0.003684971630032372,-2.1932875782274652,0.18299999999999997,0.0028089675558846854,-0.9485725490448784,0.18299999999999997,0.0006649658309992373,1.5707963267948963,0.18299999999999997,-7.291743751948483e-05,0.0004234445431565507,0.09206856205323315,0.03400041256601839,0.0002460812555424177,0.06920480282789808,0.026774216447302872,0.00013602723736522087,0.16174352220337554,0.0583971816811392
-7.157000000000002,0.0033834836564408245,-2.0278676850048316,0.1829999999945133,0.003155106122897907,-0.765534823987245,0.18299999999999997,2.905694471852572e-05,1.3604428595857307,0.18299999999999975,-3.5679914351311105e-05,0.0003974799311781744,0.09368651297448641,0.03475571432823216,0.00023091850113271322,0.05780835382769527,0.022320113750644317,0.00012766042298852927,3.4772690051033273,1.2553269482984022
-7.071500000000002,0.0008525405426233335,1.5707963267948963,0.18299999997374797,0.002840628585951917,-1.7523779585985881,0.18299999999999997,0.0007917479572159583,-1.9867203727509495,0.18299999999999997,0.0004964638449908689,0.0007092929712884223,0.6773338309755909,0.24010752007499556,0.00041184456818999757,0.11868754502710681,0.04219269343636039,0.0002276223316771795,0.22585084665377692,0.08222485194396077
-6.986000000000001,0.0008311965109319418,1.5707963267948963,0.18299999999998137,0.002637307371891377,-2.5049466191315104,0.18299999999999997,0.0005385053802119926,-0.1443766688460125,0.18299999999999997,0.00027423913781203095,0.00035388237545277024,0.33847189943965894,0.12430727796711802,0.00020550324047420853,0.06277499956882063,0.02299629676322524,0.00011351032809296401,0.16311460089417634,0.06154848230225493
-6.900500000000001,0.004600481272887869,-1.5875249912434075,0.18299999999999997,0.003199163113563003,0.22931744961553716,0.18299999999999997,0.0010023079646280298,-2.6952776095034117,0.18299999999999997,-0.0012476127007630497,0.000518621913004145,0.08853988004417497,0.03336828852828899,0.0003012085257050717,0.07527488479152028,0.027966588595866343,0.00016641928091999084,0.1295946433948273,0.04805431439200082
-6.815000000000001,0.0014500506302476041,-1.1324332017420229,0.1438127051250483,0.0025627620402042727,1.5707963256002246,0.18299999999999808,0.0013068238494207199,-1.457523280905984,0.18299999999999997,-0.0006179060509831056,0.0007915762619288354,0.42783045386576496,0.12202385491167522,0.0004080354545501695,0.1281273278795801,0.04611543265334485,0.00022552967432801232,0.13631658932404256,0.0489804542846654
-6.729500000000002,0.005843181923422936,-0.4460532428993462,0.1829999999999893,0.0011876440288475793,1.5707963267948963,0.17858211269417068,0.0016542480223516586,-0.33765467828739637,0.18299999999999997,-0.0010930707547563943,0.000614539995226868,0.08261975826667309,0.031137349586134493,0.00036109455283153094,0.24348706192243483,0.08804209919669033,0.00019704950980801772,0.09324662216301807,0.03435946086504552
-6.644000000000002,0.005078158487313487,-0.7001967603943835,0.1829999999999994,0.0015366428268399294,1.5707963267948963,0.18299999999999259,0.0026957449841126108,-1.1479929813102332,0.18299999999999997,-0.0005705521945311287,0.0007552728771047147,0.1175625468944421,0.043883422821516256,0.00043860434680995406,0.23016443099971556,0.08413449140085578,0.00024205159828856828,0.07095423412013056,0.02559729054188215
-6.558500000000002,0.007612418819026806,-1.3468629454567704,0.18299999999998875,0.0018337902814537892,-1.0114173966545748,0.18299999999999997,0.0010350480999398706,-0.7508691155527537,0.18299999999999997,-0.0007848503895423562,0.0007942808467911914,0.08524838941964906,0.030386851909227883,0.00046127681642678294,0.20610289968208914,0.07435108995527409,0.00025524227320358674,0.19358947187572617,0.07053721246902837
-6.473000000000001,0.006151981867011382,-1.1011451525341094,0.18299999999998906,0.0017567074060064658,-0.23110748958631186,0.18299999999999997,0.0018828656806462057,0.3730590952390143,0.18299999999999997,-0.000957856629753965,0.0007666533235258581,0.0993858884873273,0.03702298895444379,0.0004451127764982121,0.20628958341872342,0.07565047668858849,0.0002464293147742813,0.10257193811005944,0.037705254953680656
-6.387500000000001,0.002328613471908654,-2.110744262354455,0.18299999999997996,0.0019679335868121243,-1.5197023837908732,0.18299999999999997,0.0004639047376106022,1.0933476236548212,0.18299999999999997,-0.00023297414770900927,0.00044368863508418356,0.15581457822495068,0.05558381362930036,0.00025768527382711616,0.10635934167011324,0.03907305729697179,0.00014262140453654673,0.2413347045816549,0.08800654022893428
-6.302000000000001,0.007136496593845167,-2.1393768357169276,0.18299999999999197,0.0044966924675625556,-1.2689437763893183,0.18299999999999997,0.000757847743716279,1.445598258582859,0.18299999999999997,-0.00016366226636727033,0.0005994587759445926,0.06822067764939593,0.024705445826399917,0.0003482704984808206,0.0621821799175736,0.023411292824508594,0.00019268590781206448,0.2007035089362989,0.07243570901124641
-6.216500000000002,0.004556295975681896,-2.3949183499306597,0.18299999999999997,0.002296582305449501,-0.9685466537290625,0.18299999999999997,0.0007882260893515223,1.5707963267948963,0.18299999999999997,-0.00047548411553349524,0.0005434240397980939,0.09514535252696187,0.03530992938091881,0.0003158532407033142,0.1082369952423772,0.042081254508566,0.00017449285240533286,0.17515483170054866,0.06324197513133152
-6.131000000000002,0.0031441131394735586,-0.6266918102906339,0.18299999999995664,0.0030752201180039977,-0.9180813404688377,0.18299999999999997,0.0016641952870103862,1.5707963267948963,0.18299999999999997,-0.0006553695652340884,0.000645266424399646,0.16513376961688847,0.05964226844579743,0.0003747706505973339,0.09888397308848301,0.03599774341856476,0.0002069382962553306,0.09801511941009229,0.0356759785737117
-6.0455000000000005,0.004157716939010044,-1.4716713512676136,0.18299999999999636,0.00293090734742817,-0.6541272003926135,0.18299999999999997,0.0004598812691542931,-0.5810102742488642,0.18299999999999997,-0.0005239568465036889,0.0005293762834985677,0.10281231511817888,0.03759961691251735,0.00030752187469622685,0.08472969860545257,0.0315865370541941,0.0001702111530509118,0.28921147006580256,0.10652792650638718
-5.960000000000001,0.0025890911291597276,-0.8018819098168412,0.18299999999997688,0.00012771659423424836,1.5707963267771787,0.16084753625664522,0.0023266259018545157,-1.2063760677436477,0.18299999999999997,-0.00036474591133682917,0.0005529121426564954,0.1682122808859809,0.06257130392318355,0.0003420507302206269,2.1320124927034403,0.6831142678880006,0.00017730976407789897,0.06011272818365696,0.02168069203556868
-5.874500000000001,0.0056210917710447774,-1.9991109112925571,0.18299999999999997,0.0017004160169410635,-1.0893794663497987,0.18299999999999997,0.0015056902144796884,-1.1626108697952253,0.18299999999999997,-0.00027378398757887403,0.0004717889487265462,0.06810251823471716,0.02473893808708697,0.0002741356957302111,0.12957456418552027,0.04876558867128117,0.00015166779126831646,0.07944525753088434,0.028704934661883827
-5.7890000000000015,0.003033829662406466,-1.4047799892824848,0.182999999999196,0.0029036075374168843,1.039135931381547,0.18299999999999997,0.0007570749472362746,-1.2099734247947393,0.18299999999999997,-0.0004433956374951227,0.00042239110470956056,0.111511700629549,0.040455990898278435,0.0002451646843248317,0.06908353378794696,0.024494086351729265,0.00013540756425125397,0.14221118437826322,0.0507002154527912
-5.703500000000002,0.007840834199700311,-1.1174624757542029,0.18299999999999841,0.0035927951497594425,0.6751644247006208,0.18299999999999997,0.0014133179064142057,-1.5824957913404774,0.18299999999999997,-0.0009390111762596626,0.0005776992266011944,0.05753024118075979,0.021963841558752854,0.0003352795622597061,0.07527224237012856,0.027595139699289402,0.00018522723754057423,0.10437731688266308,0.03716979338006002
-5.618000000000002,0.006605833410357567,-0.6740031385647787,0.18299999999995714,0.0015328279691398882,-0.07966846976221467,0.18299999999999997,0.0009644621620657931,-1.7138000862516507,0.18299999999999997,-0.0003252151167228048,0.0007664879180448143,0.09295737445042024,0.03425274972426714,0.0004448063666026574,0.2391251881775568,0.0861139625982496,0.0002462275945464276,0.20292550280628957,0.07280705410945894
-5.532500000000001,0.010570850514598823,-0.708614423851393,0.18299999999994498,0.0037831072254326296,-0.3207538250169601,0.18299999999999997,0.00046117448862817017,1.5707963267948963,0.18299999999999997,-0.0016082490073846653,0.0008078025334276083,0.061549359348788496,0.022406351551665506,0.000468881124904715,0.10182837746481452,0.036778552562174195,0.00025944869391104273,0.445333737459031,0.1610327748354788
-5.447000000000001,0.0038930197601478953,-0.556015718358194,0.18299999999999997,0.0012084316316027775,-0.6950027817926692,0.18299999999999997,0.0006971353449197119,1.5707963267948963,0.18299999999999997,-0.0008823063926269058,0.0004149524524315557,0.08600843111709935,0.030931096322420113,0.00024096663850266075,0.16268526947363782,0.05889374367375511,0.000133125796764943,0.1507500520544497,0.05479976379362368
-5.361500000000001,0.002316618647822431,0.9383848495247419,0.182999999999996,0.0021972291483562064,-3.7066558030912766,0.18299999999999997,0.0012105531948967134,-2.572664033936904,0.18299999999999997,-0.000485213741339666,0.000465380503249635,0.15866172600172404,0.05927704492817927,0.00027031401146844437,0.09765331060418336,0.03701062753503128,0.00014936974657094542,0.09717548952113556,0.03550831830109384
-5.276000000000002,0.0018884712117167631,-1.1315789954674076,0.18299999999998345,0.0004107928598907911,0.5459009308287863,0.18299999999998146,0.00041008305658516824,-0.3647343759221029,0.18299999999999997,-0.00012939539770635993,0.00039665343780286315,0.16467011163563586,0.0625656002330601,0.00023029530925843398,0.44782426944016124,0.1682804385727076,0.00012728864306317444,0.2412964766511193,0.09025814652702052
-5.190500000000002,0.0018834632432245247,-0.49241484791752915,0.1829999999999999,0.0011800595329854073,-0.6581421483527347,0.18299999999999997,0.0007115038908027697,-3.4704483885806994,0.18299999999999997,-0.0007159224911771206,0.0003492762709773826,0.15013633119364586,0.05369740029991635,0.00020284693488856323,0.14092324923906482,0.05034582027849171,0.00011212390431038783,0.12301925690506452,0.04555358311583129
-5.105,0.003891806724466255,1.314876213596879,0.18299999999995276,0.0018369926221819032,1.5707963267948963,0.182999999999999,0.0022001342614252125,-1.3839501790735442,0.18299999999999997,-0.0001640436548287732,0.0006098472050543581,0.12891826589781588,0.04530759076656508,0.00035413304077491845,0.15875100528762537,0.05653304998531818,0.00019593134148381114,0.07052986013322374,0.025221912231622068
-5.019500000000001,0.0026364932596559735,-0.6272767061359276,0.18299999999917316,0.0023123312721258266,1.1546681646843147,0.18299999999999997,0.003023418192336762,-1.5942146197960176,0.18299999999999997,-0.00026956436613776276,0.0005214580606887364,0.15441564699785743,0.05930458143971352,0.00030278120763474074,0.10513810298145072,0.03902338682764055,0.00016719445287795303,0.043860516891154534,0.01572105218319194
-4.934000000000001,0.008078880405700605,-0.16559744791370326,0.18299999999999997,0.002985405987738843,1.199807652541187,0.18299999999999997,0.0012268682365292867,-1.314118261221169,0.18299999999999997,-0.0008436107431041737,0.0006408382005170859,0.0625175194392702,0.023849145115046447,0.0003720954227697089,0.10089264911943333,0.03743330635164635,0.00020572173142217192,0.13305433387209653,0.04765585893781789
-4.848500000000001,0.002562846121953479,0.1322899140353791,0.18299999999998912,0.0026977351452874515,0.28404882176462587,0.18299999999999997,0.0007933621521160116,1.1255958588186012,0.18299999999999997,-0.0012532027316239933,0.00047668156768118164,0.15197272543282153,0.05359215345415204,0.0002766905956727978,0.0856885721207464,0.029786681253765365,0.0001531140257340338,0.15395049676249792,0.054793380345953255
-4.763000000000002,0.0032393161946975414,-1.7398807689388869,0.18299999999999997,0.0021873473961820937,-2.639956803858016,0.18299999999999997,0.00035429552779726723,-2.980532614081447,0.18299999995089747,-0.0009655898625333284,0.0005973559447343521,0.14678129891808586,0.05374288212020947,0.0003469520019100653,0.12779867596149755,0.046649479925504014,0.0001916369606494499,0.41824510222682554,0.15791513134154112
-4.677500000000002,0.004556808600755013,-1.9298680815038167,0.1829999999999905,0.0018109139620699122,0.0863389171205183,0.18299999999999997,0.0012436036708585736,0.684172038350001,0.18299999999999997,-0.001149061647911781,0.00038845077876041784,0.06743164710186314,0.02493730058538052,0.00022558550966453656,0.10005661396893885,0.03670042422750445,0.0001246051461745256,0.0789409167546153,0.028784639716636782
-4.5920000000000005,0.0033233121518870643,1.4282874144247246,0.1829999999977282,0.0027270614099820494,-3.611737448591608,0.18299999999999997,0.0020967053381018897,-1.2496660719545307,0.18299999999999997,-0.001347002286301517,0.0006900937126296237,0.16529156634355813,0.06158983359438292,0.0004009066353431897,0.11640629319117764,0.04479843492752386,0.00022167432468733623,0.08342767304181506,0.03027846072976176
-4.506500000000001,0.0008133744821856321,-3.1007028551552023,0.18299999999789696,0.0018106955689747566,1.5707963267948963,0.18299999999999997,0.0022523817193965123,-1.4645539848804046,0.18299999999999997,-0.0011079524971958914,0.000640143053782412,0.6215846636909078,0.23568592365821278,0.00037194735144292654,0.16380891908880935,0.06222918912127176,0.00020544371556942644,0.07221508038927411,0.025982368029438922
-4.421000000000001,0.00482369348762827,1.5127254707139755,0.18299999999999997,0.0013217714889300163,1.5707963267948963,0.18299999999999997,0.0012688839834028983,-1.895773145076955,0.18299999999999997,-0.0008217794425840911,0.0006370259596115357,0.10801470694474787,0.038158847863609756,0.0003698990528406376,0.2290840898339822,0.0819438491274436,0.000204546098355609,0.12672270274625314,0.046046944735454245
-4.3355000000000015,0.0020861142529613255,-1.283306290301079,0.18299999999999983,0.0012487600257197957,0.5070484946187741,0.18299999999999997,0.002801531459247602,-0.95569382593523,0.18299999999999997,-0.0007708568979148508,0.00065757094609559,0.24732184762257375,0.09345797488019682,0.0003816671793800865,0.24542872400387922,0.09104948164210716,0.00021089464545598745,0.059462569305491375,0.021575862930744108
-4.250000000000002,0.0020881949733035847,-1.8284811901635074,0.18299999999999905,0.0025871101488473005,1.5707963267948963,0.18299999999999997,0.0041335381918512675,-1.3361744136205616,0.18299999999999997,-0.00039589719042473976,0.0008127979197506982,0.3202776853852195,0.1125396495275258,0.0004719805968460866,0.15033376217712283,0.05348693111109742,0.0002611383539390256,0.05004237059681293,0.017890276886297535
-4.1645,0.0023949165809696773,1.5707963267948963,0.18299999999999997,0.0016317834628948916,-3.549922564450967,0.18299999999999997,0.0036358660757483873,-1.524411352199238,0.18299999999999997,9.988396252657986e-05,0.0006805762387548105,0.22560296046045844,0.08439845330345881,0.00039522089559726855,0.19275311438619003,0.07351013972679012,0.00021859367458508793,0.04760645406291032,0.017174631719907497
-4.079000000000001,0.0037925899967623227,-2.6610118980563295,0.1829999999999997,0.0018246874290717245,-1.9535912761879244,0.18299999999999997,0.0021611093282826715,-1.8469142731881347,0.18299999999999997,-0.00039038013455743167,0.0007495368722751747,0.161254684676449,0.057927470398080716,0.00043528156100646566,0.19588635784617056,0.0708718719106309,0.0002409542130057298,0.0883534262903422,0.03164786571703075
-3.993500000000001,0.002735207795106919,-0.6467441553259963,0.1829999999984224,0.00048574334808988923,0.010560938183408372,0.18299999999608757,0.002594306957819205,-1.3664082824616175,0.18299999999999997,-0.00124585592525418,0.0007424185376932644,0.21713111595802112,0.0803303303636951,0.0004308446321088233,0.7289742012393114,0.2642341200289684,0.00023851898136719523,0.07278445476308545,0.026312148164950998
-3.9080000000000013,0.004954890851855489,-2.0839870984122775,0.18299999999999997,0.00043791837612824094,0.3611280251588637,0.0674592734781576,0.0029325576078923074,-1.0867209238899842,0.18299999999999997,-0.000989867873052038,0.0006623047213671593,0.10410258185613275,0.03771214393967557,0.0006282588364997149,1.0773965095325824,0.14330525540319092,0.00021292159010880362,0.05700882970407358,0.02047066486888526
-3.8225000000000016,0.005277029023008383,-2.6308560992952508,0.18299999999998093,0.0031664302219103035,-1.7975868243256898,0.18299999999999997,0.0016810870791736836,-0.5447619726633924,0.18299999999999997,-0.0004936132201607302,0.0005415287991230545,0.08306591663421738,0.030304861207200613,0.00031438234422158276,0.0816818857730874,0.029638377770337725,0.0001740904362416207,0.0810195653421437,0.029835578631439243
-3.737000000000002,0.002901479042383715,-1.9212715290471756,0.1829999999999994,0.0011777647078363995,-0.6934440030014019,0.18299999999999997,0.0010119350437833676,-3.0673307475048417,0.18299999999999997,-0.001648821019267084,0.0004682742958175977,0.128412347808596,0.047949366347848354,0.000272022259028667,0.18478788188777284,0.06976054234107172,0.00015048376927382037,0.1160123246843943,0.04301225118553847
-3.6515000000000004,0.0018783214109634597,-0.32940030579437035,0.10396892793979583,0.0011803664080709158,-2.8494774435657804,0.18299999999999997,0.001082714985216866,-2.190764573054546,0.18299999999999997,-0.0012695117912542634,0.0005524065719234592,0.22419014981482543,0.046416362072619025,0.0002419386848741407,0.16557586458924092,0.058934733277631546,0.00013405757688116426,0.0979643672267146,0.03521189000243484
-3.5660000000000007,0.0010437459891123172,-1.9568551892895272,0.18299999999999994,0.0003427137528693524,-3.5020420397282495,0.18299999999999997,0.0017149838628181071,-2.2040164013940657,0.18299999999999997,-0.000802935187973153,0.0005258240203757081,0.397132792803028,0.148797522093987,0.0003053542957178277,0.7079276069092183,0.26775781115260844,0.00016874551170397621,0.07802822408611397,0.02813507617678058
-3.480500000000001,0.004242556876903392,0.44979360471616736,0.18299999999999988,0.001099455904033572,-0.2849134025299902,0.18299999999999997,0.0013152509930192942,-2.9264994176688304,0.18299999999999997,-0.001522636963983895,0.00044997167678632156,0.08504265873837481,0.030624734967154614,0.0002613925693284036,0.1924730646481817,0.06975946096535883,0.0001443656139850576,0.08585931296535793,0.03179135173244165
-3.3950000000000014,0.0007833100921295056,-2.864567102481844,0.18299999999999988,0.0022172507692217154,-2.522957428312695,0.18299999999999997,0.0006069139426149699,1.293973964098315,0.18299999999999997,-0.0009535637253671869,0.0004041051559655803,0.422309050266804,0.14939045905354315,0.00023456885855208015,0.0884070153767752,0.030835158594609294,0.00012985301078717414,0.17064906824435858,0.06058793035242323
-3.3095000000000017,0.003611240912645639,-0.7661705422571671,0.18299999999984568,0.0008525123582275487,-1.3326003237972257,0.18299999999999997,0.0015905775474875123,1.2807400745299236,0.18299999999999997,-0.0014889224100932358,0.0005460856254153938,0.1207241706691359,0.04416428635872474,0.0003171784368423734,0.2997394514999008,0.10986600954465459,0.00017503351767814552,0.08660853971263252,0.03157035363880788
-3.224000000000002,0.001180630207357424,0.8290402724194331,0.18299999999996766,0.0008203439928690252,-2.663558763298945,0.18299999999999997,0.0017389785423328277,-2.4408211206442103,0.18299999999999997,-0.000675249680711778,0.0005756393537815077,0.39700901740146655,0.13949789961024509,0.0003342450454734244,0.3357577073609646,0.11762689818798659,0.00018477634343424078,0.08346167326102552,0.03053942606020549
-3.1385000000000005,0.0015577856461239682,-0.05300743546558591,0.08687413519906485,0.002603947019304222,-2.3294149408677685,0.18299999999999997,0.0018561711905859036,1.5707963267948963,0.18299999999999997,-0.0008356936465776899,0.001072068542596563,0.5172096259690001,0.09003928330078233,0.00042900664849282406,0.1326697475915177,0.04720531423465783,0.00023776560311139307,0.10180544205869188,0.036155295232886846
-3.053000000000001,0.003435071321478743,-1.794885005016961,0.18299999999999997,0.0002764986245479117,-3.497997556996066,0.1829999999999994,0.0016930587203978491,-2.2567336508234654,0.18299999999999997,-0.0001786478894568288,0.0005917298634660225,0.13569455618739315,0.05110891345855655,0.00034359415173114676,0.9895948836227768,0.37393434832316985,0.00018996252195876845,0.08880156196402869,0.032115151439253864
-2.967500000000001,0.0021519097193304546,-3.1139404767403036,0.1829999999997491,0.0014045428220393582,-2.406023714491692,0.18299999999999997,0.0014499464090385334,-1.05592391393595,0.18299999999999997,-0.00058254614107375,0.0005963680686589416,0.22351610220192258,0.08183656063769666,0.0003460834666989446,0.20474130496227472,0.07298330415779787,0.00019165908652972723,0.10452887230316987,0.03779906934917485
-2.8820000000000014,0.001270306730754373,-0.29414340342891926,0.06981552981242087,0.001602063880062408,-3.8111175574412406,0.1829999999999994,0.0019451308625631906,-1.3803962765479931,0.18299999999999997,-0.00043255995600395347,0.0009027179179185571,0.5297151050134065,0.0734369164587664,0.0003251473367116475,0.15785436266507233,0.058979095356365495,0.00018001385281324125,0.072690076434416,0.0264123922746891
-2.7965000000000018,0.0031184402578797337,1.5707963267948963,0.18299999999999994,0.004181499591858813,-3.117998425959819,0.18299999999999997,0.0030829104945184135,-0.4236685336718454,0.18299999999999997,-0.0006893538002356148,0.0006870664426607487,0.17374776710908307,0.06540635785813695,0.000399159005459796,0.07572592085494206,0.028842052587860958,0.00022061269283222583,0.05559570670820233,0.020813876922040488
-2.7110000000000003,0.003887381235376248,-0.5466931491158715,0.1829999999998153,0.0015048411556489488,-2.5089264754748886,0.18299999999999997,0.0012029743368842179,-0.4081541034635321,0.18299999999999997,-0.0011164615664595093,0.0004821775807330396,0.097878197825225,0.037164794710783086,0.0002798625547733103,0.15045519572074226,0.05599823036486875,0.00015490488461161462,0.10008371464655866,0.037425447504886855
-2.6255000000000006,0.0068793312574501235,-0.526230963097409,0.18299999999998054,0.0027044779523111144,-1.465743426641496,0.18299999999999997,0.0009063081037843288,1.5707963267948963,0.18299999999999997,-0.0016335802809439252,0.0004690210052836419,0.053769334222595104,0.020162467029443916,0.0002724708178455245,0.08050405444480689,0.029988373371827838,0.00015030465381455897,0.13093576798930753,0.04739981581059925
-2.540000000000001,0.004986835657740199,-0.20054254642263053,0.182999999999993,0.0023572895161859606,-2.2495201057937453,0.18299999999999997,0.0014138570011654815,1.320465371861373,0.18299999999999997,-0.0017887755276364701,0.00044968138536567503,0.07169834548920581,0.026975596840217296,0.0002610712946637297,0.09043950924122983,0.033099563419902035,0.00014445491136978075,0.0811820214949583,0.029005350295288494
-2.4545000000000012,0.005985993081674467,-0.39938200433098947,0.18299999999999997,0.0019360483591684657,-0.579265827139076,0.18299999999999997,0.0018538621121095469,-3.4594233443667637,0.18299999999999997,-0.002242725863016703,0.0006281349871309133,0.08494294744541904,0.030367555127133634,0.000364812229186107,0.1544467945233531,0.05520076686205498,0.00020164777103633182,0.08482801923480832,0.03148742040196021
-2.3690000000000007,0.0011994752615242237,-0.5833719969648452,0.18299999997212751,0.0033707250612199867,-1.2087115165883322,0.18299999999999997,0.0018650706478839923,1.5707963267948963,0.18299999999999997,-0.0018093111421738544,0.0006283458074452735,0.41743118386673206,0.15327967214603683,0.0003650163139562482,0.08706115250185394,0.03207205775062037,0.00020139079873001767,0.0851249424677221,0.030936096364723446
-2.283500000000001,0.0032304387671713043,-2.37525125451764,0.18299999999999997,0.0026520452667218608,-2.0339594026218353,0.18299999999999997,0.0012483374139160397,1.5707963267948963,0.18299999999999997,-0.001914158874838806,0.0005325343681325894,0.13576066928532332,0.047633143669414214,0.0003091821375313474,0.09693905367500198,0.0340569213190484,0.00017113481375258127,0.10911017123647847,0.0387394449855794
-2.1980000000000013,0.0032268200296417956,-1.5342633038876197,0.084384706858466,0.0011989774617669,1.5707963267948963,0.18299999999999997,0.001980281355708542,-2.959412651572846,0.18299999999999997,-0.0012898366654705792,0.0006952203902721877,0.1629837166901369,0.02705988105566967,0.00027458193514774714,0.18200806874330688,0.06571364330034152,0.00015210488236438888,0.059338737896557234,0.022252758695651485
-2.1125000000000007,0.007546048204515737,-1.4711505957695548,0.18299999999999983,0.001759662446150525,-3.216308053224153,0.18299999999999997,0.0016462770584169356,-0.5619387300085755,0.18299999999999997,-0.0013837009698866056,0.00046640541472074427,0.04884689321769646,0.018399206190569898,0.00027094427580976333,0.122280280820167,0.046694741850411184,0.00014981858316229975,0.0708826739645772,0.026388873963637073
-2.027000000000001,0.0089040202061703,-1.001061617090839,0.1477611400906629,0.0006551068858438461,-1.7749659493476018,0.18299999999990427,0.000550940652013346,-2.0729645739724973,0.1829999999999999,-0.0014667719189864717,0.0005321820166880424,0.04641939112787046,0.013876246207482758,0.0002780614857699998,0.3384232589052264,0.12408446365369806,0.00015363913914915139,0.21867523303885264,0.07992505589427482
-1.9415000000000013,0.009685998462405442,-1.1777008218076295,0.17970689763969844,0.0023565691788633297,-1.0308056891560222,0.18299999999999997,0.0006378371546403861,-1.2566918171390515,0.18299999999999997,-0.0006466786382187603,0.0005276181141581462,0.04424502172807282,0.015522508701218548,0.00030367563690545323,0.10504050385592599,0.038010659004389186,0.00016792672424593863,0.20719668769396787,0.07517536877707966
-1.8560000000000008,0.008474152887605443,-0.25145484276517055,0.08637835378902578,0.003048925147864285,-2.3687333570206266,0.18299999999999997,0.0014452351187821159,0.11458267250780212,0.18299999999999997,0.00014855869235705133,0.0009273521978454986,0.08201377885354251,0.014265836936956074,0.00037029865040008744,0.09642965926965714,0.03520496140854758,0.0002053184964172594,0.10947957310748069,0.04127821721536228
-1.770500000000001,0.00829957181908891,0.2472015345628791,0.12630236526418348,0.0036530346343958144,-2.5343829074722883,0.18299999999999997,0.001199786777820629,-2.01987840783844,0.18299999999999997,6.581589317648043e-05,0.0007835494222684734,0.07387849264742412,0.01820092384866664,0.0003782347947384996,0.08466949362718408,0.029721326016133094,0.00020949101818720951,0.13855004780094904,0.049506427489545174
-1.6850000000000014,0.004663145051712855,0.3045366920759708,0.06100000000000031,0.0030436077682316847,-1.5394595782849063,0.18299999999999997,0.0009954061290341637,-1.8196575822582417,0.18299999999999997,-0.0004609037164392033,0.0011093351659941255,0.17221908546864412,0.021679740915435796,0.0003656571414654812,0.09400887615201153,0.03470507795270132,0.00020266224331857887,0.15998755012617616,0.05777637307684575
-1.5995000000000008,0.006990574808271563,-0.5888458553120791,0.0834970477207872,0.003337623842143438,-1.511478845978575,0.18299999999999997,0.0010451450490798872,1.4456165372329566,0.18299999999999997,-0.0007237578730927806,0.0010085524725505183,0.10751975586717626,0.01818142133015527,0.0003967594997480241,0.09309682647559331,0.03445456445526382,0.00021962855628522695,0.16538176312131847,0.05968736460962997
-1.5140000000000011,0.0112121535666867,-0.2243577032385859,0.18299999999974917,0.0023598836625854922,-0.44518709582733845,0.18299999999999997,0.0005512445147734188,1.310382996894494,0.18299999999999997,-0.001671948028409109,0.0006343056262541235,0.0457298545217127,0.016314184203418063,0.000368292424491001,0.12810523851091007,0.04586339450145799,0.00020347916466056644,0.29354169478045344,0.1055497596784582
-1.4285000000000005,0.008529143606151531,0.020927737929787558,0.18082133731939953,0.0028359628696940486,-0.3456174951415224,0.18299999999999997,0.0013155638282931236,-0.14412818084528525,0.18299999999999997,-0.002427943844010976,0.0006843173072531418,0.0647469420664209,0.022830976402208502,0.00039516672875275103,0.11381732875509962,0.040767741367924965,0.00021836953755609794,0.1291668738355921,0.048235060848936875
-1.3430000000000009,0.004733331416867071,-0.045593586404835414,0.08445076473359844,0.0017276044046183124,-1.4612685391290574,0.18299999999999997,0.00034747652213482506,1.5707963267948963,0.18299999999999997,-0.0019393263235303292,0.0007019389694739193,0.11035193033456979,0.018987505991069513,0.00027717717000086043,0.1256327581028997,0.04684264039256463,0.0001534970386661091,0.34826912048358677,0.12524356816908885
-1.2575000000000012,0.009020745417794988,-0.9189049921986064,0.18299999999999997,0.002282680064851815,0.034307959014647095,0.18299999999999997,0.0015373382251085111,0.15116115470591873,0.18299999999999997,-0.0020434459116893226,0.0006423625812404756,0.05667615502288468,0.021211827767491517,0.00037299329154160093,0.1326167794030993,0.04893453608091111,0.00020650170143026076,0.1046186694093489,0.03889958569085095
-1.1720000000000006,0.009552469206282685,-1.5133119163601516,0.18299999999997027,0.001519330670200886,-1.5071188920235834,0.18299999999999997,0.0020269020396830326,1.3476449394877912,0.18299999999999997,-0.0015216325598900807,0.0005037789406746299,0.043056973685974546,0.015250217247590915,0.0002925305565465241,0.15747750137706742,0.05636649814223328,0.00016172846024265189,0.06279986289181805,0.022766605725864045
-1.086500000000001,0.013564447938421896,-1.559070570561247,0.18299999999999847,0.0029726417087327897,-1.4285973695885135,0.18299999999999997,0.0011477482203064873,-0.4395339960008901,0.18299999999999997,-0.0014385251270794689,0.0004937106451913006,0.029828408890565226,0.010521823888171338,0.00028661679244576695,0.0798038951080552,0.028177092564375696,0.000158588591108999,0.108297258575234,0.03964931240460125
-1.0010000000000012,0.015930125249748003,-0.9537356415707305,0.13091540374457244,0.0016594538043961558,-2.288484561726376,0.18299999999997718,0.0011867217703205506,0.17556353602436778,0.18299999999999997,-0.0017035618901275703,0.0007910702938444052,0.03784021833432608,0.010202709410748665,0.0003889592848813948,0.18549245413192117,0.06910969725753212,0.00021527142743584494,0.14019308466699648,0.052765220184805714
-0.9155000000000005,0.02291516038644516,-0.6340504548233437,0.15466044115338393,0.002506710013863257,-1.0189706746728129,0.18299999999999997,0.0006086515842532805,-0.3107170860923629,0.18299999999999997,-0.0011585276095844711,0.0005251737979028325,0.018108075575981746,0.005531799229095292,0.0002806654092057979,0.09058608342327973,0.03260726687478992,0.00015514432224587456,0.19944321764353104,0.07334192725355908
-0.8300000000000008,0.026537885325215536,-0.4878388263041708,0.15164240105193513,0.004857307598925992,-1.3331267407661478,0.1829999999994044,0.0009101258769564744,1.36882317608748,0.18299999999999814,-0.0010125135461449102,0.0006245805251305328,0.018290391193421632,0.005633752912106339,0.00033067349875640144,0.053906321956982035,0.020159667280691435,0.00018260671053043858,0.15802849025799307,0.05740243963723064
-0.7445000000000012,0.02899964220605492,-0.4306410043719828,0.1464510892116695,0.002950800979350651,-0.6487996650415736,0.1582914245704717,0.002095721167074413,-1.488636151594434,0.18299999999999997,-9.485526431105923e-05,0.0006570541321181419,0.01768428126302187,0.005129827744888846,0.00036704283155030034,0.09825123481255023,0.03111972606531271,0.0001889445216145016,0.07099476483735519,0.02576161689928836
-0.6590000000000006,0.02646903183953931,-0.27323729938130265,0.11801822170680253,0.0025968651010758303,-0.3620585911095209,0.07191406422392292,0.001972882926650201,-0.767197403505985,0.18299999999999997,0.00013714066983063224,0.0006529813531987066,0.018570748182586014,0.0043749798433651765,0.0004817304067708368,0.13872369644296434,0.019739305775838857,0.0001688080060350859,0.0663214237207872,0.02435741266177765
-0.5735000000000009,0.025494363438063765,-0.33174826473626895,0.11282259616726305,0.004018693796984699,-0.08277361917609828,0.12327772979075029,0.0036449411061875857,-0.8719220204441469,0.18299999999999997,-0.0006638155039912397,0.0010299877567734623,0.030699755377984028,0.006875187913000805,0.0005719109913738692,0.1096214457253215,0.026886584966059286,0.0002603527382207687,0.055613817529634846,0.020439864194524412
-0.4880000000000012,0.025485467454535348,-0.08131327255327778,0.12315794140559203,0.003184429548940546,-0.8383215092823795,0.18299999999999997,0.0013597781240997431,-1.4683487316256167,0.18299999999999997,-0.0007606708918117184,0.0007581970682997946,0.022829482619587286,0.005645688513287169,0.00036194601867357693,0.0892189967881655,0.033594043111505476,0.00020005595409156469,0.1159107886931935,0.04208805757475407
-0.40250000000000064,0.024600101284901275,0.03575720910251322,0.13228066372574912,0.002009225355648383,-0.8240384288496094,0.18299999999953986,0.0015987918098290949,-0.5632089995642671,0.18299999999999997,-0.0010605892083152787,0.0007628018121277524,0.02389207981094199,0.006374223248115421,0.0003773677068950796,0.14852316040728036,0.05533465304101269,0.00020862136136571785,0.10184945780649224,0.037609097000929986
-0.31700000000000095,0.022520420171051516,-0.0685525800133405,0.1625405414209437,0.005180506260979627,-1.0515146383182785,0.18299999999999997,0.001331417187780082,0.06613381365110971,0.18299999999999997,-0.002269284693290827,0.000996284707413043,0.03462650283774572,0.011386795768120687,0.0005457514249258887,0.0839935190150253,0.031210654922108155,0.00030150265884031313,0.1772550172885223,0.06541217747148248
-0.23150000000000037,0.019195584898142253,-0.009726815463585338,0.18299999999999997,0.003861570998896903,-0.1599242688717281,0.18299999999999997,0.0006773722100138603,-3.101894292249463,0.18299999999999997,-0.002069080542200956,0.00040973575500988035,0.017344003827646517,0.006144169621511883,0.00023795530547084164,0.05076297930515171,0.017970355388781188,0.00013158377555536963,0.1513071250610098,0.05638747899257071
-0.14600000000000068,0.02103722087663575,-0.23597101446513638,0.18299999999999997,0.002544653400874516,-0.38998355881861935,0.18299999999999997,0.0014798328571196983,1.5707963267948963,0.18299999999999997,-0.002500960061913615,0.0006369837230712262,0.02448682564754178,0.00874696000985401,0.00036985902419092097,0.11935551201482962,0.04279188218736873,0.00020437481714280772,0.10952661464355173,0.039573078500345034
-0.060500000000001,0.019096137881631815,-0.7467640141620165,0.12603344213450113,0.0033582181635764727,-1.4162017876701487,0.18299999999999994,0.0007723423924198532,0.13771640524241482,0.18299999999999997,-0.001381256126977227,0.00048606709363903204,0.01958373703760291,0.004946165621246277,0.0002345697448658813,0.05561837379568746,0.020361180332286427,0.00012973969935880063,0.13074398466394188,0.04857031379956537
0.024999999999999578,0.030187783206360938,-0.8787499025926069,0.15109129003904767,0.003415458364548666,-1.2674775429289842,0.18299999999999997,0.0018392425662237541,-1.271121561397391,0.18299999999999997,-0.000953899881210175,0.0005554431404853846,0.014486098169050155,0.004343763149387175,0.0002934766805085336,0.06907843239432351,0.025064334420159158,0.00016216474970245025,0.06946386439018185,0.025123826643870337
0.11049999999999927,0.040001279003563865,-0.6789769309275719,0.13925638580333935,0.003724179672072113,-0.8992476899408877,0.13303844732711223,0.0010836011208213666,-0.56900022337196,0.18299999999999997,-0.0009801771356172846,0.000461626009534619,0.008910627626039835,0.0024697458911170063,0.0002740936755264314,0.05725560805695141,0.015117035185319205,0.00012955251059553296,0.09305328365597891,0.03422077841339428
0.19599999999999895,0.04861017334343931,-0.5563808116916215,0.16139944174728243,0.004958797012729632,-0.46798742110599345,0.1718617293605897,0.0006884492639775523,-1.826755223743656,0.08350481521245913,-0.0017448275573143514,0.0005587845258703293,0.00910188287783501,0.0028881352110965916,0.00031435843669215,0.050995435894565504,0.01716315895083371,0.0002487977679852717,0.2699596292022597,0.04453573236316728
0.28149999999999953,0.054370805138576866,-0.33462560474440906,0.13943345791365266,0.004532303108573192,-0.5624294516434428,0.08339982479474178,0.00122343316257493,0.30661373861242375,0.18299999999999997,-0.0012734559738348085,0.0008527034532843503,0.011976143464897152,0.003318442882169783,0.000638416663382671,0.1061375713507896,0.017526402660695533,0.00023953543313060712,0.15146733884823363,0.05606808020845468
0.3669999999999992,0.05703719434625668,-0.22913395520248603,0.15158893754699332,0.00670144732817581,-0.15416546865743055,0.18299999999879946,0.0008665260040865258,1.2677908708372587,0.18299999999999997,-0.0006997650752871712,0.0006063011556033902,0.008427867766612213,0.002497822407316108,0.0003205985939386307,0.03918113820109935,0.013918353473509924,0.0001773733558939588,0.1629151087486303,0.058292473746748855
0.4524999999999989,0.05570527094548168,-0.18005272821582463,0.13930904361291127,0.005319399083000299,-0.21553786278810289,0.12492587264180235,0.001151944894146437,-1.0423447199405291,0.18299999999999997,-0.0003532267245887848,0.0007940201757820521,0.011017902630262429,0.003033763492558861,0.00048651276756398636,0.0709083046582478,0.017598195746465328,0.00022286288296016448,0.15131919340863775,0.05530925941800723
0.5379999999999995,0.05445386935624426,-0.0878740679842647,0.13226334128852432,0.005189194521336504,-0.07379350028798301,0.1008276481953362,0.002988877986764833,-1.1273798242887165,0.18299999999999997,-0.0007675130179701593,0.0008638072981458472,0.012153305622514899,0.003176710907324112,0.0005737649587832804,0.08431694803193458,0.016852774025239183,0.00023628453123519469,0.06193353413746073,0.022461227996735538
0.6234999999999992,0.05230219998728855,-0.0214667713676109,0.1274132725439646,0.004670177297560178,-0.19243473273996764,0.12396618822136761,0.0028980549457240075,-1.5601387480605724,0.18299999999999997,-0.0005047772106968733,0.0007433940034418285,0.010914669816258875,0.0027393390460436974,0.0004373591519461985,0.0723914795848479,0.017798845395445125,0.00019953966265169942,0.05437533537280007,0.01950648598780513
0.7089999999999997,0.0484119542912409,0.010960746126603273,0.11947629776918886,0.002883934964258605,-0.4876637386121578,0.06501626167110003,0.0030167273418341797,-1.1716630531597259,0.18299999999999997,-0.0008381341578917707,0.001249020777150519,0.019420226012104573,0.00462382077414685,0.0009690958501779427,0.2508299929650007,0.032209601130098846,0.00032481262367186036,0.08414483076255665,0.030396084469753306
0.7944999999999994,0.04863064225883591,0.03399811834272169,0.152990881434835,0.004947510718361583,-0.07785834990056228,0.18299999999999986,0.0025536713665473398,-1.8749192877810257,0.18299999999999997,-0.002243909118546062,0.0007471694071466341,0.012218626297632025,0.003628267462832626,0.000396948513201122,0.06571194238850285,0.02327257368872759,0.0002195438863993721,0.06855057109986962,0.02445141897942758
0.8799999999999991,0.04638976912184765,-0.023154210077774916,0.16049963567056946,0.004219478390983564,-0.18465174898646103,0.18299999999992306,0.0008142058282869375,0.9557360635738258,0.18299999999999997,-0.0023940003286892077,0.00047385690304625543,0.008162197096719578,0.002540625677223574,0.0002578228268745289,0.050105508272896546,0.017725347816935928,0.00014257407318473057,0.139311083053285,0.04991765693529625
0.9654999999999997,0.043322615320556715,-0.0759795040147779,0.14954394021583678,0.0038600900568511315,-0.3474277559149415,0.1505284630222234,0.0016735101538423826,-2.6367611989609316,0.18299999999999997,-0.002484869714432548,0.0007387454174223787,0.013362950709291003,0.0039157601765423275,0.00042742176521826336,0.08784227464846782,0.02591364743660992,0.0002147344331251451,0.1006375919751947,0.03678136406137425
1.0509999999999993,0.04788782546909912,-0.2743830551149377,0.14709943118986213,0.007379361344251195,-0.20221960688592847,0.18299999999999997,0.001491760889537114,-2.583848272749565,0.18299999999999977,-0.0015517324850058884,0.00047935564308876355,0.007921439902151424,0.002274572281717118,0.00024975467199875534,0.027664875463292247,0.00979718098895744,0.00013822248430459187,0.07303415478067776,0.026562534483949202
1.136499999999999,0.05460454228286399,-0.3873699041580999,0.15669470133605548,0.007013207236784458,-0.34732870028106444,0.18299999999999988,0.0009521032456272296,-0.07743436699075905,0.18299999999999997,-0.001858022661943734,0.0007046414038871706,0.010280838165884166,0.0031489472878164547,0.00037896547837975984,0.04408339365699875,0.015739088311268832,0.000209696197819783,0.17158246936878163,0.06371970668672948
1.2219999999999995,0.06413931019586122,-0.37951996188798454,0.14890943665291134,0.007931448069534998,-0.5277222742361533,0.18299999999999997,0.0006421980581285495,-0.9847689734882312,0.1829999999613224,-0.0012161316043021438,0.0005533949977247595,0.006808132650230859,0.0019964752856380654,0.00029028606714866787,0.02947940431735234,0.010741069848623426,0.00016049571271492235,0.19557101196692842,0.07202127426103204
1.3074999999999992,0.07200394662330285,-0.315108903518687,0.14292187083233696,0.005980972148576159,-0.27866510620549856,0.11816560348975466,0.0015462462684749504,-1.1759086074534766,0.18299999999999994,-0.0012224643977049928,0.00044684539707410474,0.004795118270590855,0.001357819005125887,0.0002850750231899713,0.03681544801278403,0.008639874319434686,0.00012702110554458932,0.06438731485036764,0.02341378253334583
1.392999999999999,0.07686004212234289,-0.22185425183205637,0.144696828829612,0.006811860728902298,-0.36710273420816075,0.15889900298159024,0.0008140851335089452,-0.08942829256570439,0.18299999999999997,-0.0011083646313633324,0.0005773463156305805,0.005883109402504012,0.001672355448468639,0.00031998487417088866,0.03739631749028437,0.011685197841612278,0.00016516132115358578,0.15751882002554965,0.058632428824829635
1.4784999999999995,0.07786780198446076,-0.14362205372530729,0.14085122736949032,0.00708974805057466,-0.23237549247260947,0.13400213203964706,0.0010694177753928409,-0.929390472447565,0.18299999999999916,-0.0006612383571110194,0.0005021626054268106,0.005001027079652814,0.0013909064889945496,0.0002987862249153844,0.032866475757792966,0.008755503235688388,0.00014172100872392697,0.10341405136813761,0.03802303188926995
1.5639999999999992,0.07878619652886285,-0.08842983872606341,0.14580955061171083,0.007431139852517976,0.09211230079958706,0.13721383159826517,0.001933204488471872,-1.3436110526434273,0.18299999999999997,-0.0008907132779628761,0.0005739615452231947,0.005688569931941541,0.0016289665794122327,0.0003433075671647358,0.03652313246735939,0.009791420428012648,0.0001647714160548861,0.06732620888429003,0.024220198588358603
1.6494999999999993,0.07660626886223855,0.04874566911598978,0.1305111211005739,0.005365473031997269,0.11174570872377182,0.061000000002001016,0.0017340429404062942,-1.4413410570599239,0.18299999999999997,-0.0006135730559700194,0.000736979208039766,0.00731114066238375,0.001881955648650593,0.0006124607851116763,0.08651798095098132,0.010137025378775645,0.0002002734812794475,0.09073760970887855,0.03245376371972445
1.7349999999999994,0.07505988962679455,0.045772377746528606,0.14424738959070862,0.005870236218756421,0.5769251808494326,0.1169772908739409,0.0016933051941751655,-1.597438543950859,0.18299999999999997,-0.0010610479516083033,0.0006119612112437698,0.006340828430471388,0.001798435184886592,0.00039421962128320843,0.05243970859290585,0.011930455141273905,0.00017480067513254345,0.08170582065794513,0.02907686139780313
1.8204999999999991,0.07330991680487971,0.021551421707410208,0.14204759451537532,0.005446559518878418,-0.06986681225836366,0.07993129235834362,0.0003190938093448969,-1.0379312819521953,0.18299999999999977,-0.0015842740023942151,0.0007025271513072702,0.007348152381918056,0.0020626320995081006,0.000541452352721618,0.07493875029969381,0.011843676544541857,0.00019914133074507942,0.4877390035643392,0.17713701322983372
1.9059999999999993,0.07260212595409939,-0.07466574633686063,0.1475016503902466,0.005738143619190155,-0.14332705158131107,0.16554135778256174,0.0005652741381785745,0.0494549429644128,0.18299999999999997,-0.0015145638976585992,0.0006877517448888859,0.007464316602609246,0.002150965747971621,0.00037710740755832656,0.05277638990532015,0.01706671970368642,0.00019864444619554857,0.2728820967321777,0.10171197155368752
1.9914999999999994,0.07233917003724372,-0.025846216930816478,0.15563872758205413,0.0060709218421951495,-0.07387648803979524,0.1477778382519855,0.002199769614506018,0.15777703943205024,0.18299999999999997,-0.0010868349424201832,0.0006230251977522036,0.006794247421656071,0.0020648247614877026,0.0003710772103176397,0.0486309129576244,0.01402005236523116,0.0001848127911847231,0.06519457556391739,0.024276934112046827
2.0769999999999995,0.07365014720992492,-0.1062831424102575,0.15205194511991457,0.006689961472573143,-0.4170621182169591,0.18299999999999986,0.0022373468742277578,0.0987241489551861,0.18299999999999997,-0.0017486748827913096,0.0009978542451256711,0.010723003756838026,0.0031903024788576683,0.0005288183784593663,0.06406473407657011,0.0229684023007478,0.00029242558510589924,0.10214428589194423,0.037758670239405885
2.162499999999999,0.0754858157780763,-0.14137278321189942,0.1431580386003644,0.0075747045865069305,-0.37444671868702284,0.1829999999999997,0.00040621656515699725,-0.8523712731432543,0.18299999999990876,-0.0018528852625552753,0.0006201129305184817,0.006456552472319324,0.0018180669607435744,0.0003189992182926904,0.03385252622377689,0.012343784054048896,0.00017638585103180347,0.33893280176894797,0.12552561951424035
2.2479999999999993,0.07761344727230722,-0.16078314193676943,0.13496772115813568,0.00785224692595137,-0.25793151978270024,0.1692467947900901,0.0013267008292069315,-1.7151920289457818,0.18299999999999997,-0.0009244449713175582,0.0006638080299360262,0.006670796969333918,0.001766078722954402,0.00034439440360610463,0.035122809022892575,0.011709230182635097,0.00018331363117029433,0.10959367704463814,0.03934815851132353
2.3334999999999995,0.08361517699954138,-0.17882239903025712,0.14664746003465357,0.008100760166011849,-0.15518621638713787,0.14869599423454768,0.0019610684359235926,-0.2566884877597747,0.18299999999999997,-0.0008826864417129903,0.0007357842816880797,0.00689160642265855,0.0019852957040850418,0.00042419395113998406,0.04147164681971213,0.012136098274732039,0.00021193691651370743,0.08356158787357142,0.031303804007307624
2.418999999999999,0.08438356857580077,-0.12132989187466081,0.1282849567136013,0.007981640809341068,-0.22914379738032603,0.12637335044627238,0.0008321780919411427,-0.47212631394113186,0.18299999999999958,-0.00088963516531211,0.0005636527227914901,0.005130315423750588,0.001301909074847502,0.00032960732867770174,0.03192195627607105,0.00802449420024638,0.00015190714200972154,0.1411149624136501,0.05263550913205101
2.5044999999999993,0.0886593245771303,-0.07063578490484523,0.1495667503210454,0.008324026185055218,-0.21285770593879538,0.15268312151299143,0.002635280857728895,-0.1350179493009217,0.18299999999999997,-0.0009658403816735032,0.0006722842990205713,0.0059527706570813325,0.0017463221830075302,0.00038632459248234466,0.03684775380297802,0.011062969022777962,0.00019551825411523398,0.0574369516813844,0.021491316427856684
2.5899999999999994,0.08545964318269421,-0.042234588182708234,0.1394601569345107,0.008320265248346054,-0.27631768306910165,0.15388722277243394,0.0013189105696089125,-0.6652956549092589,0.18299999999999997,-0.00012861127031671573,0.0007305168226412459,0.006653124176500159,0.0018296764895998413,0.0004039106667665821,0.038270329014586664,0.011729957244156998,0.00020516561632893206,0.12081911435820353,0.04494225983740085
2.6754999999999995,0.0838817876977737,0.014057351550967878,0.13232099322531532,0.008059785793142949,-0.3456641811643173,0.12855121470836342,0.0015047189976154136,-1.3500289503989902,0.18299999999999997,-0.000675225365824539,0.0006498349220110113,0.005959013871100143,0.0015596142600895562,0.0003826414580072367,0.03663357422703375,0.00944291999778093,0.00017773700947299397,0.0929837675635786,0.033599529294267946
2.7609999999999992,0.08212293353869315,0.045124740078811953,0.1275775057803227,0.006416964575624131,-0.5267681238057325,0.0896885193545444,0.0013933662101135694,-0.673277993941341,0.18299999999999997,-0.0003513988072958144,0.0009402798161752652,0.008682533587035711,0.00221476171750735,0.0006500495391391866,0.07590114472900147,0.013721888459342467,0.000252702300807866,0.14053923184238967,0.051838826150769936
2.8464999999999994,0.08365975078877808,-0.011035033079517042,0.14426716987478486,0.007513121287657132,-0.06799697281200957,0.10975588701766624,0.0015886134702330255,0.06905453724269349,0.18299999999999997,-0.0013199077989440348,0.0007615904592502386,0.0070468999848067124,0.0020005959165928454,0.0005064228963196013,0.05188676290883966,0.011218665327604141,0.00021762154612739874,0.10562061876085556,0.03952594321724104
2.9319999999999995,0.08219982950957012,0.01533936704533843,0.13886331063488444,0.007071270340502907,-0.24290368038761437,0.15383824487290787,0.0019371371099091948,0.007338508586345172,0.18299999999999997,-0.0009445319615930022,0.000681960308638289,0.006461775898199896,0.00176318907949612,0.0003762942680192305,0.04208910721423433,0.012761732723546,0.00019114998910426051,0.07651023644391951,0.02853448222058489
3.017499999999999,0.08125747410224252,-0.023294608790275964,0.12495208646327029,0.00660794403002996,-0.5750387134924253,0.15653021317351853,0.0007978297880708982,1.1108084274582142,0.18299999999999997,-0.00042602267163308326,0.0008988421393504232,0.008498074245599752,0.0021049883868645347,0.0004665162234562205,0.055152682102658675,0.017393301713339988,0.00023887590664865022,0.23653155932733766,0.0853180902062473
3.1029999999999993,0.08217481327405046,0.00589978706502064,0.13463128464843982,0.005740779052009216,-0.4864380704838861,0.08484922168367758,0.0017050372554234501,0.3420007926587464,0.18299999999999997,-0.0003912725999508204,0.0006440377112892037,0.005967647530279372,0.0015977202577361913,0.00046983915387051474,0.06149845232889957,0.010388413637106226,0.00017779460723235506,0.08062198432259751,0.029880040177891417
3.1884999999999994,0.08438384027945076,-0.02573043848441891,0.14480450186612434,0.007970264429512,-0.2784608215191496,0.17774735806234163,0.0015829768990045436,-1.4729754154809958,0.18299999999999997,-0.001383052800942527,0.0006175750318243019,0.005755541450622125,0.0016324600117018123,0.00032398137458136553,0.032707757220524915,0.011515605738575189,0.00017657780309116188,0.08832394113974217,0.03189915681155643
3.273999999999999,0.08576958537621764,-0.0657473941661723,0.1430423705508199,0.008426616716783417,-0.2284158062116971,0.1607868076536905,0.0022840667075520868,-1.3335026946228827,0.18299999999999997,-0.0010736062897639634,0.0006048522720165558,0.005517594136665851,0.0015493749063734364,0.00033133998310458645,0.03130169059189767,0.009964435135914551,0.00017193619117761652,0.059394044688137713,0.02151780658355
3.359499999999999,0.088619490926303,-0.054456360982273105,0.14209636701997172,0.008129160134169044,-0.1263588841194772,0.10972816033769384,0.0011738073472548443,-1.1842098782235633,0.18299999999999939,-0.001488295555490884,0.0008434010871407381,0.007349664292792314,0.0020596639323468653,0.0005566711226197573,0.05262943321455136,0.011443698544150248,0.00023905530131039415,0.15985937431646294,0.05791607047804474
3.4449999999999994,0.08904165414194817,-0.029359373569732533,0.13764016438414467,0.0069189238947652025,-0.2749417524542621,0.09924864718665735,0.0026154438748652786,-0.7249383041191212,0.18299999999999997,-0.00036418568921655936,0.0007459901102810569,0.006421965111775753,0.0017541008457484357,0.0005094134713999747,0.0558677795587856,0.011079011632908494,0.00020818827338070988,0.06174913461017187,0.02280590139028107
3.5305,0.0861110534412612,-0.025924656656767662,0.13182174230608706,0.008190308683396073,-0.2367923635300387,0.14054838757659419,0.0013440276649443652,-3.1799583121022907,0.18299999999999997,-5.609992844643236e-06,0.000720695275616345,0.006467290241523393,0.0016796994257768623,0.00040522504214480663,0.038701672050979116,0.010749608239103474,0.00019687402364806827,0.11331642519049728,0.04232080866625394
3.6159999999999997,0.08511415458320304,-0.010477000683634139,0.12806317333679917,0.0077993337120987605,-0.1343361681759853,0.09861806477659653,0.0016966084029168566,0.3432052670013629,0.18299999999999997,-0.0001465904389687515,0.000748084897061567,0.006716312766747615,0.0016968814373085578,0.0004943716055106718,0.04823998520861888,0.0093873651454023,0.00020144599216215643,0.09183412334071031,0.03406570289768788
3.7014999999999993,0.08785743952290727,-0.022365771223142095,0.142889454792253,0.008474135656201401,-0.09373649294730904,0.16718433285010745,0.002627942203228785,1.418901182896139,0.18299999999999997,-0.0005511592026963939,0.0006696906808955014,0.005987536597317632,0.0016698460382814867,0.0003595838485456062,0.034178566820916585,0.011146750337250814,0.00019025397347410147,0.057553943853410214,0.020575287388728387
3.786999999999999,0.08527675402591257,-0.01764106298249044,0.13313237233949038,0.007047872851186261,-0.3627722706875817,0.11504785281655651,0.0014984370181445577,0.9047812366456788,0.18299999999999997,0.00027404779602169043,0.000756116929392285,0.006808804783040563,0.0017880956703967968,0.00047188679559526217,0.051418932560997624,0.011732793683750006,0.00020746670141595083,0.10879661977216415,0.039349321705217925
3.8724999999999996,0.08798114078654133,-0.01963132010939208,0.14095008261844547,0.009284690419512968,-0.18863187136623655,0.18299999999999997,0.0006068146114079282,1.5707963267948963,0.18299999999999997,-0.0008732764398741797,0.0005642577579564311,0.00504420912550484,0.0013890013984752063,0.00028786483034868443,0.025115432765911903,0.009036953009865784,0.00015919533840901088,0.2082862061294457,0.0748909923706617
3.9579999999999993,0.08905541450708718,0.02271493563889548,0.1392953407009423,0.00860882231149317,-0.05027143426779664,0.11230567615358619,0.0015893594315992798,-2.6504101749466957,0.18299999999999958,-0.00035183231906487625,0.0007413852688563957,0.006435178278061811,0.0017588440588556682,0.00047895343232609073,0.04294090399533665,0.009456277201695935,0.0002081471103100915,0.10184069332515698,0.03751461286005164
4.0435,0.09037051695459239,-0.0045244135251286685,0.14856525908827714,0.008406364078899263,-0.038678434022857984,0.12579799803344602,0.0009115936080164341,-0.9626650856914972,0.13833081235916928,-0.000554313183907003,0.0005144364408957636,0.0044336697886173835,0.0012926082764019666,0.00032430648046852543,0.030043299734253733,0.007438345329202078,0.0001713926013023311,0.14344657299114366,0.03971418981336875
4.129,0.08869083037238984,0.004431230765981393,0.14116204745109287,0.00797228237812656,0.004542233877930179,0.10423263729871374,0.0009039656365080862,-1.3297301870314417,0.1829999999999977,-0.001043033606879352,0.0004698569323884364,0.0040901397023043835,0.0011354196564878369,0.0003171038122230505,0.03053368852085118,0.0062720012568371585,0.00013274033109966934,0.11565751882753857,0.04157692569644004
4.214499999999999,0.09055816559138703,-0.02193851431186034,0.14023154281488573,0.00777127378974149,-0.033849223714188,0.11657057123684646,0.001283487951479975,-0.5229804100406034,0.18299999999999997,-0.0006102551110392161,0.0005069076222793741,0.00432763839927739,0.0011967575082042102,0.0003225386954676175,0.03203868102193806,0.007395954316110135,0.00014279985767822433,0.08599479663094824,0.03208261548105413
4.299999999999999,0.09133105750361495,-0.020882686415978187,0.13709273728409507,0.008466073697015316,-0.2791977273913025,0.14498854891702057,0.00129801012981963,0.28236164620384196,0.18299999999999997,-0.000666625289192098,0.0005949935112334672,0.005057150313706857,0.0013624110123753687,0.0003358972646750769,0.031216322445165857,0.00890144648661562,0.00016569809767509022,0.09940749716009212,0.03673041795568629
4.3854999999999995,0.0907839131991319,0.005381132019748645,0.14212193598594924,0.00785646406337345,-0.035904953103331715,0.11167940288365179,0.0014338847739920814,1.5055979404301858,0.18299999999999997,-1.8525658312460008e-05,0.0005403878242055643,0.004608530075771842,0.0012848218624931084,0.0003535847431655549,0.03476983086243177,0.0076274741449516535,0.00015316398539779016,0.08445580014420093,0.030181225751506446
4.470999999999999,0.09022520917422487,-0.024177621706358916,0.14713163474180446,0.008907868532727304,-0.28737548649833067,0.18299999999995606,0.0012232509153693185,1.5707963267948963,0.18299999999999997,-0.0006838580076181448,0.0007131470496590737,0.00623530562373694,0.001794236809417944,0.00037173077040015753,0.033745565980414456,0.012205521883968352,0.00020549993199456048,0.13329060120828046,0.048014654219640365
4.5565,0.09093393708478816,-0.058808872917405955,0.1469008006491589,0.0095892066921801,-0.028098485348364465,0.16219000256461522,0.0016431948591622337,-0.8502999592459257,0.18299999999999997,-0.001079542040328199,0.0005190864403122454,0.004488033944679018,0.0012928377149877372,0.00028689575607899814,0.02396178396052035,0.0076504105805032625,0.00014959057364967947,0.07103477606626708,0.0262709956528184
4.6419999999999995,0.09260565078729512,-0.03828410660333056,0.14690092432099153,0.008503868234326474,0.10062912910905972,0.10930313433855103,0.001896597191488161,0.5182089998928149,0.18299999999999997,-0.001514258095386708,0.0005872810825527741,0.004928003695575271,0.0014183595781309135,0.0003948651304659377,0.03589522504960281,0.007668147514508241,0.00016931801632057543,0.06940034110174582,0.02556824285545001
4.727499999999999,0.09215904779573589,-0.007075764876241775,0.15594471976473956,0.009561281399037091,-0.05666218726712503,0.182999999999172,0.0011417017060474587,-0.7141542492976984,0.18299999999999986,-0.0022281724754948397,0.0006908318440873558,0.005968299262516465,0.0018166284981447184,0.0003706701157798353,0.03157784943426579,0.011347558346496738,0.0002050515909384663,0.1397933179461291,0.052146813495864926
4.813,0.09115623952911289,-0.049435500674147544,0.14527542574958843,0.008859620476910563,-0.018034197199398264,0.12208529066267454,0.0021177591953746456,-0.51946422883273,0.18299999999999997,-0.0012113418099007243,0.0005642855653206228,0.004808901035393046,0.0013761463306702847,0.0003571016340267786,0.031299968537166864,0.007551934953211212,0.00016177899855455372,0.05905892400121945,0.02205185825390349
4.898499999999999,0.09077564127908537,-0.08021116786746356,0.13655556111812497,0.008803077855308967,-0.06399088381441888,0.11828189318012426,0.0017111532618668153,-0.9613589495511484,0.18299999999999997,-0.0010969301879690046,0.0008098905939009279,0.006882554722273344,0.0018545593571613578,0.0005048688451844799,0.044316059084709765,0.010383491678677236,0.00022509404652094395,0.10273683566419274,0.03761004136140363
4.984,0.09054542753467865,-0.038370961774283036,0.14015887243790387,0.009002550800559452,-0.22316706165159148,0.1829999999999999,0.0012727048101370947,-0.8583244030528574,0.18299999999999997,-0.00043754136250801797,0.0006414478005039624,0.005563975674339695,0.00152982717857611,0.00032647030209797086,0.029203578892179734,0.010613058837171854,0.00018056074063434432,0.11074817715183818,0.041039537872738965
5.0695,0.09162183585404664,-0.06119251595028699,0.13207299574235104,0.009013894520146715,-0.27972546165503903,0.1643339511825334,0.002001118375314857,-0.8726579374362429,0.18299999999999997,0.0004540082586880236,0.0005985769454096489,0.005072917887530416,0.0013207336071421783,0.00031183830004087576,0.027390679834468162,0.008985309343850185,0.00016360606442140772,0.0637839410743971,0.02356714218021935
5.154999999999999,0.09293212918374348,-0.022312797399440656,0.13956386796983894,0.009502407773993294,0.10774848783623804,0.14899823878969423,0.0013741638047160957,-2.5593952713157337,0.18299999999999997,-0.0005556306704357962,0.0005212237780352759,0.00438578409752971,0.001194793055050869,0.00029284528382195256,0.024538239799185145,0.00709141892278581,0.00014646930609646207,0.08343666746610975,0.03052625007245843
5.2405,0.0943670082791913,-0.030324163321878726,0.1368395796416422,0.008714862404745309,-0.035183416368946244,0.1295237502557192,0.0013729927674396133,0.029277115829941747,0.18299999999999997,-0.0009094839513322964,0.0006248044347663509,0.005130831687287629,0.0013792427941977153,0.0003726923195894924,0.033354426150863134,0.008494812251419712,0.00017390269792992344,0.09777461620769469,0.03660430668828107
5.326,0.09585432742493437,-0.06260388461473876,0.14305600632111737,0.008925502820720863,-0.11505977373088892,0.16691783740520405,0.0004572227095605702,0.281073939232266,0.18299999999999997,-0.0009354735393969131,0.0006312823763572608,0.0051781818999253725,0.0014454066321046863,0.000339500064702572,0.03059342808922519,0.009937223137655143,0.00017957380242415968,0.30643514728542576,0.11321857751735281
5.411499999999999,0.09379054297152446,-0.017221398099010302,0.14664704105257664,0.009755861950334078,-0.0699114254873004,0.18299999999999997,0.0005186169371903924,-1.5523399187167355,0.06804091615819263,-0.0013741759269036771,0.0005690432497078946,0.004791161598906135,0.0013657339176219628,0.0002959234274361828,0.024558439463012616,0.008706492933011213,0.000265043504082938,0.38249362978555107,0.050597094068153374
5.497,0.09437099519657363,-0.04500466422626907,0.14372224787229806,0.009439452342560939,-0.07971515913157325,0.17928532573649147,0.0011836111145191535,1.1672652776330557,0.18299999999999997,-0.001242248196000642,0.0005239021444163689,0.004380143195327638,0.0012257385945377102,0.000272543159095847,0.02352394038907878,0.008169027782669548,0.00014927097971614836,0.1004008590919068,0.03585767089691489
5.5825,0.0952295477373139,-0.027964893705787138,0.15526057626887216,0.009822845226807396,0.16346592790707107,0.17923677536374832,0.0013000067149432676,0.7574423252997141,0.18299999999999997,-0.0009454403443967537,0.0004428547456445505,0.0037088825511029573,0.0011194566066999366,0.00023941228183638958,0.020022693860013267,0.006886663457484035,0.00013118428609755717,0.07975100677944023,0.028825234381134473
